{
	"partitions" : [
		{
			"name" : "Top",
			"pins" : [
				{
					"name" : "OutputA[0]",
					"strict" : false
				},
				{
					"name" : "OutputA[1]",
					"strict" : false
				},
				{
					"name" : "OutputA[2]",
					"strict" : false
				},
				{
					"name" : "OutputA[3]",
					"strict" : false
				},
				{
					"name" : "OutputA[4]",
					"strict" : false
				},
				{
					"name" : "OutputA[5]",
					"strict" : false
				},
				{
					"name" : "OutputA[6]",
					"strict" : false
				},
				{
					"name" : "OutputB[0]",
					"strict" : false
				},
				{
					"name" : "OutputB[1]",
					"strict" : false
				},
				{
					"name" : "OutputB[2]",
					"strict" : false
				},
				{
					"name" : "OutputB[3]",
					"strict" : false
				},
				{
					"name" : "OutputB[4]",
					"strict" : false
				},
				{
					"name" : "OutputB[5]",
					"strict" : false
				},
				{
					"name" : "OutputB[6]",
					"strict" : false
				},
				{
					"name" : "Input[4]",
					"strict" : false
				},
				{
					"name" : "Input[5]",
					"strict" : false
				},
				{
					"name" : "Input[6]",
					"strict" : false
				},
				{
					"name" : "Input[7]",
					"strict" : false
				},
				{
					"name" : "Input[0]",
					"strict" : false
				},
				{
					"name" : "Input[1]",
					"strict" : false
				},
				{
					"name" : "Input[2]",
					"strict" : false
				},
				{
					"name" : "Input[3]",
					"strict" : false
				}
			]
		}
	]
}